First Pokemon,Second Pokemon,Winner:,Reasoning:,flag,username,timestamp
"Bulbasaur
","Charmander
",,,,,2024-01-01 10:52:22.041448
"Bulbasaur
","Charmander
",,,,,2024-01-01 10:52:29.385414
"Charmander
","Bulbasaur
",/Users/zevtovbin/Desktop/Pokemon/flagged/Winner/tmp8gg04cg1.png,"Considering elemental types, Bulbasaur is a grass/poison type and Charmander is a fire type. Fire is strong against grass which gives Charmander the advantage over Bulbasaur, making him more likely to win the battle.",,,2024-01-01 15:47:50.502212
